method,n,tp,fp,tn,fn,precision,recall,f1,accuracy,avg_ms
direct_llm,30,15,0,15,0,1.0,1.0,1.0,1.0,3127.3839632670083
hybrid_rag,30,15,0,15,0,1.0,1.0,1.0,1.0,2594.7153409322104
rag,30,15,0,15,0,1.0,1.0,1.0,1.0,2692.6194429397583
pure_embedding,30,12,0,15,3,1.0,0.8,0.888888888888889,0.9,29.77866331736247
